"","codigo","Nome","rebanho_Censo2017","Novo_Nome","rebanho_PPM2020"
"1",2900108,"AbaÌra",4388,"AbaÌra",1886
"2",2900207,"AbarÈ",6067,"AbarÈ",4992
"3",2900306,"Acajutiba",11345,"Acajutiba",12523
"4",2900355,"Adustina",15344,"Adustina",13816
"5",2900405,"√Ågua Fria",7418,"¡gua Fria",7219
"6",2900603,"Aiquara",8499,"Aiquara",13109
"7",2900702,"Alagoinhas",8032,"Alagoinhas",17635
"8",2900801,"Alcoba√ßa",26692,"AlcobaÁa",38199
"9",2900900,"Almadina",8711,"Almadina",9675
"10",2901007,"Amargosa",21086,"Amargosa",24525
"11",2901106,"AmÈlia Rodrigues",5474,"AmÈlia Rodrigues",7794
"12",2901155,"AmÈrica Dourada",9409,"AmÈrica Dourada",8942
"13",2901205,"AnagÈ",19224,"AnagÈ",26099
"14",2901304,"Andara√≠",14067,"AndaraÌ",17814
"15",2901353,"Andorinha",15992,"Andorinha",13900
"16",2901403,"Angical",58026,"Angical",103723
"17",2901502,"Anguera",5579,"Anguera",7056
"18",2901601,"Antas",17434,"Antas",13473
"19",2901700,"AntÙnio Cardoso",10017,"AntÙnio Cardoso",13154
"20",2901809,"AntÙnio Gon√ßalves",5422,"AntÙnio GonÁalves",3500
"21",2901908,"Apor√°",25205,"Apor·",22390
"22",2901957,"Apuarema",2476,"Apuarema",3779
"23",2902054,NA,5298,"AraÁ·s",4085
"24",2902005,"Aracatu",28199,"Aracatu",33238
"25",2902104,"Araci",18004,"Araci",18537
"26",2902203,"Aramari",5924,"Aramari",5326
"27",2902252,"Arataca",708,"Arataca",1507
"28",2902302,"Aratu√≠pe",4303,"AratuÌpe",2341
"29",2902401,"Aurelino Leal",22701,"Aurelino Leal",19821
"30",2902500,"Baian√≥polis",37097,"BaianÛpolis",43493
"31",2902609,"Baixa Grande",28818,"Baixa Grande",30695
"32",2902658,"Banza√™",8507,"BanzaÍ",11367
"33",2902708,"Barra",17448,"Barra",30000
"34",2902807,"Barra da Estiva",13798,"Barra da Estiva",13232
"35",2902906,"Barra do Cho√ßa",23349,"Barra do ChoÁa",21687
"36",2903003,"Barra do Mendes",11049,"Barra do Mendes",8452
"37",2903102,"Barra do Rocha",5625,"Barra do Rocha",6027
"38",2903201,"Barreiras",44407,"Barreiras",80218
"39",2903235,"Barro Alto",5517,"Barro Alto",5695
"40",2903300,"Barro Preto",5331,"Barro Preto",4351
"41",2903276,"Barrocas",3832,"Barrocas",5500
"42",2903409,"Belmonte",34213,"Belmonte",30926
"43",2903508,"Belo Campo",7925,"Belo Campo",14549
"44",2903607,"Biritinga",9446,"Biritinga",13518
"45",2903706,"Boa Nova",13698,"Boa Nova",15699
"46",2903805,"Boa Vista do Tupim",43753,"Boa Vista do Tupim",52089
"47",2903904,"Bom Jesus da Lapa",40363,"Bom Jesus da Lapa",59635
"48",2903953,"Bom Jesus da Serra",5699,"Bom Jesus da Serra",8481
"49",2904001,"Boninal",8386,"Boninal",8649
"50",2904050,"Bonito",6502,"Bonito",5847
"51",2904100,"Boquira",19314,"Boquira",9900
"52",2904209,"Botupor√£",15.91,"Botupor„",16720
"53",2904308,"Brej√µes",7202,"Brejıes",13771
"54",2904407,"Brejol√¢ndia",48737,"Brejol‚ndia",89222
"55",2904506,"Brotas de Maca˙bas",10058,"Brotas de Maca˙bas",11000
"56",2904605,"Brumado",36557,"Brumado",56556
"57",2904704,"Buerarema",3382,"Buerarema",10100
"58",2904753,"Buritirama",19.49,"Buritirama",26960
"59",2904803,"Caatiba",27.8,"Caatiba",40098
"60",2904852,"Cabaceiras do Paragua√ßu",4982,"Cabaceiras do ParaguaÁu",4567
"61",2904902,"Cachoeira",10692,"Cachoeira",8770
"62",2905008,"CaculÈ",12776,"CaculÈ",14714
"63",2905107,"CaÈm",13658,"CaÈm",13786
"64",2905156,"Caetanos",11025,"Caetanos",9179
"65",2905206,"CaetitÈ",24875,"CaetitÈ",23364
"66",2905305,"Cafarnaum",5627,"Cafarnaum",6347
"67",2905404,"Cairu",44,"Cairu",7
"68",2905503,"Caldeir√£o Grande",10609,"Caldeir„o Grande",7805
"69",2905602,"Camacan",10714,"Camacan",15052
"70",2905701,"Cama√ßari",4197,"CamaÁari",1546
"71",2905800,"Camamu",1589,"Camamu",1874
"72",2905909,"Campo Alegre de Lourdes",16.78,"Campo Alegre de Lourdes",12602
"73",2906006,"Campo Formoso",30622,"Campo Formoso",36000
"74",2906105,"Can√°polis",15623,"Can·polis",21168
"75",2906204,"Canarana",7633,"Canarana",8873
"76",2906303,"Canavieiras",41333,"Canavieiras",38859
"77",2906402,"Candeal",10.15,"Candeal",15714
"78",2906501,"Candeias",3.95,"Candeias",5067
"79",2906600,"Candiba",17402,"Candiba",21897
"80",2906709,"C√¢ndido Sales",10483,"C‚ndido Sales",11607
"81",2906808,"Cansan√ß√£o",16.68,"CansanÁ„o",12129
"82",2906824,"Canudos",8.34,"Canudos",4172
"83",2906857,"Capela do Alto Alegre",19856,"Capela do Alto Alegre",24788
"84",2906873,"Capim Grosso",9271,"Capim Grosso",16557
"85",2906899,"Cara√≠bas",13737,"CaraÌbas",13327
"86",2906907,"Caravelas",33775,"Caravelas",57065
"87",2907004,"Cardeal da Silva",3.44,"Cardeal da Silva",5067
"88",2907103,"Carinhanha",45658,"Carinhanha",65200
"89",2907202,"Casa Nova",23022,"Casa Nova",12362
"90",2907301,"Castro Alves",17516,"Castro Alves",31546
"91",2907400,"Catol√¢ndia",7988,"Catol‚ndia",12758
"92",2907509,"Catu",10163,"Catu",11978
"93",2907509,"Catu",10163,"Catu",92926
"94",2907558,"Caturama",16931,"Caturama",12205
"95",2907608,"Central",2684,"Central",6228
"96",2907707,"Chorroch√≥",5.45,"ChorrochÛ",3519
"97",2907806,"C√≠cero Dantas",31501,"CÌcero Dantas",24822
"98",2907905,"Cip√≥",3968,"CipÛ",3981
"99",2908002,"Coaraci",9375,"Coaraci",10731
"100",2908101,"Cocos",36295,"Cocos",48242
"101",2908200,"Concei√ß√£o da Feira",5.24,"ConceiÁ„o da Feira",5312
"102",2908309,"Concei√ß√£o do Almeida",11744,"ConceiÁ„o do Almeida",19156
"103",2908408,"Concei√ß√£o do CoitÈ",15844,"ConceiÁ„o do CoitÈ",18736
"104",2908507,"Concei√ß√£o do Jacu√≠pe",5082,"ConceiÁ„o do JacuÌpe",8939
"105",2908606,"Conde",16941,"Conde",15206
"106",2908705,"Conde˙ba",14527,"Conde˙ba",14213
"107",2908804,"Contendas do Sincor√°",4795,"Contendas do Sincor·",6065
"108",2908903,"Cora√ß√£o de Maria",11468,"CoraÁ„o de Maria",18243
"109",2909000,"Cordeiros",7532,"Cordeiros",6109
"110",2909109,"Coribe",46192,"Coribe",81581
"111",2909208,"Coronel Jo√£o S√°",25329,"Coronel Jo„o S·",24791
"112",2909307,"Correntina",73317,"Correntina",132371
"113",2909406,"Cotegipe",80411,"Cotegipe",94431
"114",2909505,"Cravol√¢ndia",2677,"Cravol‚ndia",5236
"115",2909604,"Cris√≥polis",27441,"CrisÛpolis",18777
"116",2909703,"Crist√≥polis",20776,"CristÛpolis",28759
"117",2909802,"Cruz das Almas",3934,"Cruz das Almas",4472
"118",2909901,"Cura√ß√°",12695,"CuraÁ·",6803
"119",2910008,"D√°rio Meira",16138,"D·rio Meira",17830
"120",2910057,"Dias d`√Åvila",738,"Dias d'¡vila",879
"121",2910107,"Dom Bas√≠lio",10.99,"Dom BasÌlio",11211
"122",2910206,"Dom Macedo Costa",7419,"Dom Macedo Costa",9313
"123",2910305,"El√≠sio Medrado",8531,"ElÌsio Medrado",10394
"124",2910404,"Encruzilhada",23232,"Encruzilhada",32378
"125",2910503,"Entre Rios",16258,"Entre Rios",25980
"126",2900504,"…rico Cardoso",7023,"…rico Cardoso",1068
"127",2910602,"Esplanada",20386,"Esplanada",19869
"128",2910701,"Euclides da Cunha",36375,"Euclides da Cunha",39546
"129",2910727,"Eun√°polis",40815,"Eun·polis",67075
"130",2910750,"F√°tima",13.38,"F·tima",12389
"131",2910776,"Feira da Mata",23369,"Feira da Mata",31751
"132",2910800,"Feira de Santana",27393,"Feira de Santana",43132
"133",2910859,"FiladÈlfia",14458,"FiladÈlfia",13682
"134",2910909,"Firmino Alves",16.37,"Firmino Alves",18789
"135",2911006,"Floresta Azul",19.01,"Floresta Azul",27980
"136",2911105,"Formosa do Rio Preto",43276,"Formosa do Rio Preto",63414
"137",2911204,"Gandu",2052,"Gandu",2689
"138",2911253,"Gavi√£o",9642,"Gavi„o",12700
"139",2911303,"Gentio do Ouro",5848,"Gentio do Ouro",5422
"140",2911402,"Gl√≥ria",3313,"GlÛria",4138
"141",2911501,"Gongogi",22062,"Gongogi",25119
"142",2911600,"Governador Mangabeira",2.22,"Governador Mangabeira",821
"143",2911659,"Guajeru",14.55,"Guajeru",14734
"144",2911709,"Guanambi",41.44,"Guanambi",58474
"145",2911808,"Guaratinga",109877,"Guaratinga",137277
"146",2911857,"Heli√≥polis",17298,"HeliÛpolis",16964
"147",2911907,"Ia√ßu",33078,"IaÁu",37406
"148",2912004,"Ibiassuc√™",11241,"IbiassucÍ",11740
"149",2912103,"Ibicara√≠",12181,"IbicaraÌ",16841
"150",2912202,"Ibicoara",4048,"Ibicoara",8223
"151",2912301,"Ibicu√≠",64.76,"IbicuÌ",103515
"152",2912400,"Ibipeba",12115,"Ibipeba",7645
"153",2912509,"Ibipitanga",18236,"Ibipitanga",10600
"154",2912608,"Ibiquera",11473,"Ibiquera",15169
"155",2912707,"Ibirapitanga",2385,"Ibirapitanga",1549
"156",2912806,"Ibirapu√£",36399,"Ibirapu„",53842
"157",2912905,"Ibirataia",6589,"Ibirataia",4839
"158",2913002,"Ibitiara",19667,"Ibitiara",15939
"159",2913101,"Ibitit√°",8688,"Ibitit·",5438
"160",2913200,"Ibotirama",15685,"Ibotirama",13500
"161",2913309,"Ichu",3182,"Ichu",3667
"162",2913408,"Igapor√£",15326,"Igapor„",18252
"163",2913457,"Igrapi˙na",299,"Igrapi˙na",42
"164",2913507,"Igua√≠",45857,"IguaÌ",42018
"165",2913606,"IlhÈus",14911,"IlhÈus",11073
"166",2913705,"Inhambupe",16938,"Inhambupe",28950
"167",2913804,"Ipecaet√°",13407,"Ipecaet·",10512
"168",2913903,"Ipia˙",11389,"Ipia˙",13457
"169",2914000,"Ipir√°",73587,"Ipir·",92698
"170",2914109,"Ipupiara",6603,"Ipupiara",5900
"171",2914208,"Irajuba",6988,"Irajuba",5142
"172",2914307,"Iramaia",23237,"Iramaia",24598
"173",2914406,"Iraquara",6782,"Iraquara",4392
"174",2914505,"Irar√°",4883,"Irar·",7295
"175",2914604,"Irec√™",5026,"IrecÍ",7292
"176",2914653,"Itabela",27.73,"Itabela",42217
"177",2914703,"Itaberaba",44214,"Itaberaba",48749
"178",2914802,"Itabuna",18736,"Itabuna",24241
"179",2914901,"ItacarÈ",2995,"ItacarÈ",1075
"180",2915007,"ItaetÈ",19054,"ItaetÈ",20772
"181",2915106,"Itagi",6.02,"Itagi",7994
"182",2915205,"Itagib√°",61103,"Itagib·",69816
"183",2915304,"Itagimirim",44978,"Itagimirim",73497
"184",2915353,"Itagua√ßu da Bahia",13.38,"ItaguaÁu da Bahia",11030
"185",2915403,"Itaju do ColÙnia",50581,"Itaju do ColÙnia",63483
"186",2915502,"Itaju√≠pe",4806,"ItajuÌpe",4383
"187",2915601,"Itamaraju",151977,"Itamaraju",169032
"188",2915700,"Itamari",2749,"Itamari",1993
"189",2915809,"ItambÈ",106373,"ItambÈ",118399
"190",2915908,"Itanagra",6171,"Itanagra",7242
"191",2916005,"ItanhÈm",120487,"ItanhÈm",143608
"192",2916104,"Itaparica",116,"Itaparica",149
"193",2916203,"ItapÈ",32241,"ItapÈ",45423
"194",2916302,"Itapebi",46772,"Itapebi",73686
"195",2916401,"Itapetinga",84757,"Itapetinga",122299
"196",2916500,"Itapicuru",25094,"Itapicuru",21033
"197",2916609,"Itapitanga",24769,"Itapitanga",33427
"198",2916708,"Itaquara",4.9,"Itaquara",5471
"199",2916807,"Itarantim",126776,"Itarantim",144248
"200",2916856,"Itatim",5404,"Itatim",7143
"201",2916906,"Itiru√ßu",7,"ItiruÁu",8376
"202",2917003,"Iti˙ba",31867,"Iti˙ba",33000
"203",2917102,"Itoror√≥",18.58,"ItororÛ",31011
"204",2917201,"Itua√ßu",10887,"ItuaÁu",7867
"205",2917300,"Ituber√°",80,"Ituber·",78
"206",2917334,"Iui˙",49921,"Iui˙",60150
"207",2917359,"Jaborandi",71037,"Jaborandi",89780
"208",2917409,"Jacaraci",20006,"Jacaraci",18805
"209",2917508,"Jacobina",21958,"Jacobina",32914
"210",2917607,"Jaguaquara",18146,"Jaguaquara",19944
"211",2917706,"Jaguarari",10359,"Jaguarari",6580
"212",2917805,"Jaguaripe",6659,"Jaguaripe",4236
"213",2917904,"Janda√≠ra",10241,"JandaÌra",12886
"214",2918001,"JequiÈ",33024,"JequiÈ",42078
"215",2918100,"Jeremoabo",39242,"Jeremoabo",39211
"216",2918100,"Jeremoabo",39242,"Jeremoabo",127614
"217",2918209,"Jiquiri√ß√°",4196,"JiquiriÁ·",3838
"218",2918308,"Jita˙na",6.31,"Jita˙na",5796
"219",2918357,"Jo√£o Dourado",6715,"Jo„o Dourado",11964
"220",2918407,"Juazeiro",14113,"Juazeiro",8652
"221",2918456,"Jucuru√ßu",61194,"JucuruÁu",75205
"222",2918506,"Jussara",3792,"Jussara",10255
"223",2918555,"Jussari",18847,"Jussari",18880
"224",2918605,"Jussiape",6792,"Jussiape",5003
"225",2918704,"Lafaiete Coutinho",7756,"Lafaiete Coutinho",11591
"226",2918753,"Lagoa Real",14379,"Lagoa Real",10168
"227",2918802,"Laje",14957,"Laje",14559
"228",2918909,"Lajed√£o",28927,"Lajed„o",48529
"229",2919008,"Lajedinho",10259,"Lajedinho",13188
"230",2919053,"Lajedo do Tabocal",7125,"Lajedo do Tabocal",6905
"231",2919108,"Lamar√£o",4446,"Lamar„o",5800
"232",2919157,"Lap√£o",9146,"Lap„o",8379
"233",2919207,"Lauro de Freitas",143,"Lauro de Freitas",125
"234",2919306,"Len√ß√≥is",1.72,"LenÁÛis",2600
"235",2919405,"Lic√≠nio de Almeida",10692,"LicÌnio de Almeida",11477
"236",2919504,"Livramento de Nossa Senhora",27608,"Livramento de Nossa Senhora",22721
"237",2919553,"Lu√≠s Eduardo Magalh√£es",33479,"LuÌs Eduardo Magalh„es",36865
"238",2919603,"Macajuba",10708,"Macajuba",15909
"239",2919702,"Macarani",58266,"Macarani",106696
"240",2919801,"Maca˙bas",36011,"Maca˙bas",22784
"241",2919900,"MacururÈ",3.57,"MacururÈ",1834
"242",2919959,"Maetinga",7051,"Maetinga",6595
"243",2920007,"Maiquinique",40245,"Maiquinique",48857
"244",2920106,"Mairi",25136,"Mairi",29750
"245",2920205,"Malhada",44474,"Malhada",71023
"246",2920304,"Malhada de Pedras",11231,"Malhada de Pedras",10631
"247",2920403,"Manoel Vitorino",24885,"Manoel Vitorino",42023
"248",2920452,"Mansid√£o",15072,"Mansid„o",19390
"249",2920502,"Marac√°s",31645,"Marac·s",40598
"250",2920601,"Maragogipe",9413,"Maragogipe",4582
"251",2920700,"Mara˙",2697,"Mara˙",3558
"252",2920809,"Marcion√≠lio Souza",26044,"MarcionÌlio Souza",35075
"253",2920908,"Mascote",25561,"Mascote",17265
"254",2921005,"Mata de S√£o Jo√£o",8553,"Mata de S„o Jo„o",11198
"255",2921054,"Matina",13932,"Matina",25261
"256",2921104,"Medeiros Neto",103683,"Medeiros Neto",116256
"257",2921203,"Miguel Calmon",24454,"Miguel Calmon",30915
"258",2921302,"Milagres",2794,"Milagres",3249
"259",2921401,"Mirangaba",13021,"Mirangaba",14733
"260",2921450,"Mirante",16554,"Mirante",11718
"261",2921500,"Monte Santo",29276,"Monte Santo",24371
"262",2921609,"Morpar√°",16.33,"Morpar·",19297
"263",2921708,"Morro do ChapÈu",25528,"Morro do ChapÈu",31155
"264",2921807,"Mortugaba",10789,"Mortugaba",6917
"265",2921906,"Mucug√™",9228,"MucugÍ",4703
"266",2922003,"Mucuri",28391,"Mucuri",38985
"267",2922052,"Mulungu do Morro",4615,"Mulungu do Morro",2870
"268",2922102,"Mundo Novo",53562,"Mundo Novo",47686
"269",2922201,"Muniz Ferreira",7885,"Muniz Ferreira",4491
"270",2922250,"MuquÈm de S√£o Francisco",70654,"MuquÈm de S„o Francisco",75042
"271",2922300,"Muritiba",1564,"Muritiba",2581
"272",2922409,"Mutu√≠pe",7429,"MutuÌpe",8236
"273",2922508,"NazarÈ",6.56,"NazarÈ",5905
"274",2922607,"Nilo Pe√ßanha",535,"Nilo PeÁanha",174
"275",2922656,"Nordestina",5807,"Nordestina",4760
"276",2922706,"Nova Cana√£",51772,"Nova Cana„",45836
"277",2922730,"Nova F√°tima",10614,"Nova F·tima",13221
"278",2922755,"Nova Ibi√°",2047,"Nova Ibi·",1774
"279",2922805,"Nova Itarana",5165,"Nova Itarana",7024
"280",2922854,"Nova Reden√ß√£o",10394,"Nova RedenÁ„o",12466
"281",2922904,"Nova Soure",18463,"Nova Soure",17733
"282",2923001,"Nova Vi√ßosa",17944,"Nova ViÁosa",22851
"283",2923035,"Novo Horizonte",8011,"Novo Horizonte",8100
"284",2923050,"Novo Triunfo",7642,"Novo Triunfo",5079
"285",2923100,"Olindina",17092,"Olindina",16416
"286",2923209,"Oliveira dos Brejinhos",30435,"Oliveira dos Brejinhos",26200
"287",2923308,"Ouri√ßangas",4225,"OuriÁangas",6758
"288",2923357,"Ourol√¢ndia",11962,"Ourol‚ndia",11991
"289",2923407,"Palmas de Monte Alto",48033,"Palmas de Monte Alto",91378
"290",2923506,"Palmeiras",1946,"Palmeiras",3000
"291",2923605,"Paramirim",24.28,"Paramirim",9013
"292",2923704,"Paratinga",33905,"Paratinga",30340
"293",2923803,"Paripiranga",11673,"Paripiranga",19318
"294",2923902,"Pau Brasil",25663,"Pau Brasil",29244
"295",2924009,"Paulo Afonso",9789,"Paulo Afonso",11967
"296",2924058,"PÈ de Serra",22375,"PÈ de Serra",25525
"297",2924108,"Pedr√£o",3341,"Pedr„o",6185
"298",2924207,"Pedro Alexandre",27931,"Pedro Alexandre",29526
"299",2924306,"Piat√£",9703,"Piat„",3996
"300",2924405,"Pil√£o Arcado",27667,"Pil„o Arcado",10032
"301",2924504,"Pinda√≠",20221,"PindaÌ",24989
"302",2924603,"Pindoba√ßu",8733,"PindobaÁu",9378
"303",2924652,"Pintadas",26537,"Pintadas",24034
"304",2924678,"Pira√≠ do Norte",1892,"PiraÌ do Norte",1809
"305",2924702,"Pirip√°",7868,"Pirip·",7934
"306",2924801,"Piritiba",20804,"Piritiba",27838
"307",2924900,"Planaltino",16477,"Planaltino",13748
"308",2925006,"Planalto",20242,"Planalto",28971
"309",2925105,"Po√ß√µes",17457,"PoÁıes",25957
"310",2925204,"Pojuca",3634,"Pojuca",6663
"311",2925253,"Ponto Novo",9938,"Ponto Novo",7775
"312",2925303,"Porto Seguro",44656,"Porto Seguro",40573
"313",2925402,"Potiragu√°",67059,"Potiragu·",62981
"314",2925501,"Prado",79.48,"Prado",77997
"315",2925600,"Presidente Dutra",1864,"Presidente Dutra",3267
"316",2925709,"Presidente J√¢nio Quadros",18913,"Presidente J‚nio Quadros",16138
"317",2925758,"Presidente Tancredo Neves",5088,"Presidente Tancredo Neves",3886
"318",2925808,"Queimadas",38217,"Queimadas",37786
"319",2925907,"Quijingue",20502,"Quijingue",19025
"320",2925931,"Quixabeira",6067,"Quixabeira",6150
"321",2925956,"Rafael Jambeiro",20013,"Rafael Jambeiro",26470
"322",2926004,"Remanso",22.46,"Remanso",19254
"323",2926103,"Retirol√¢ndia",3899,"Retirol‚ndia",3612
"324",2926202,"Riach√£o das Neves",62278,"Riach„o das Neves",97888
"325",2926301,"Riach√£o do Jacu√≠pe",32389,"Riach„o do JacuÌpe",37355
"326",2926400,"Riacho de Santana",48524,"Riacho de Santana",81802
"327",2926509,"Ribeira do Amparo",14184,"Ribeira do Amparo",12228
"328",2926608,"Ribeira do Pombal",35913,"Ribeira do Pombal",41544
"329",2926657,"Ribeir√£o do Largo",53831,"Ribeir„o do Largo",58963
"330",2926707,"Rio de Contas",6416,"Rio de Contas",4849
"331",2926806,"Rio do AntÙnio",13372,"Rio do AntÙnio",13333
"332",2926905,"Rio do Pires",10264,"Rio do Pires",10412
"333",2927002,"Rio Real",25412,"Rio Real",32912
"334",2927101,"Rodelas",844,"Rodelas",503
"335",2927200,"Ruy Barbosa",35844,"Ruy Barbosa",37479
"336",2927309,"Salinas da Margarida",160,"Salinas da Margarida",300
"337",2927408,"Salvador",67,"Salvador",95
"338",2927507,"Santa B√°rbara",5.63,"Santa B·rbara",10820
"339",2927606,"Santa Br√≠gida",16246,"Santa BrÌgida",15469
"340",2927705,"Santa Cruz Cabr√°lia",17839,"Santa Cruz Cabr·lia",13358
"341",2927804,"Santa Cruz da Vit√≥ria",24401,"Santa Cruz da VitÛria",28902
"342",2927903,"Santa In√™s",1619,"Santa InÍs",3009
"343",2928059,"Santa Luzia",9454,"Santa Luzia",7865
"344",2928109,"Santa Maria da Vit√≥ria",40.69,"Santa Maria da VitÛria",77705
"345",2928406,"Santa Rita de C√°ssia",83529,"Santa Rita de C·ssia",70202
"346",2928505,"Santa Teresinha",6878,"Santa Teresinha",5370
"347",2928000,"Santaluz",21573,"Santaluz",26209
"348",2928208,"Santana",40.44,"Santana",107081
"349",2928307,"Santan√≥polis",5.19,"SantanÛpolis",6306
"350",2928604,"Santo Amaro",12235,"Santo Amaro",15357
"351",2928703,"Santo AntÙnio de Jesus",10206,"Santo AntÙnio de Jesus",15172
"352",2928802,"Santo Est√™v√£o",8757,"Santo EstÍv„o",8809
"353",2928901,"S√£o DesidÈrio",62959,"S„o DesidÈrio",62793
"354",2928950,"S√£o Domingos",6741,"S„o Domingos",5964
"355",2929107,"S√£o Felipe",11255,"S„o Felipe",9937
"356",2929008,"S√£o FÈlix",4816,"S„o FÈlix",3804
"357",2929057,"S√£o FÈlix do Coribe",35403,"S„o FÈlix do Coribe",54100
"358",2929206,"S√£o Francisco do Conde",5976,"S„o Francisco do Conde",6537
"359",2929255,"S√£o Gabriel",4236,"S„o Gabriel",5537
"360",2929305,"S√£o Gon√ßalo dos Campos",10896,"S„o GonÁalo dos Campos",11310
"361",2929354,"S√£o JosÈ da Vit√≥ria",2037,"S„o JosÈ da VitÛria",2886
"362",2929370,"S√£o JosÈ do Jacu√≠pe",11.85,"S„o JosÈ do JacuÌpe",11602
"363",2929404,"S√£o Miguel das Matas",8542,"S„o Miguel das Matas",8689
"364",2929503,"S√£o Sebasti√£o do PassÈ",22.05,"S„o Sebasti„o do PassÈ",30657
"365",2929602,"Sapea√ßu",5.24,"SapeaÁu",5279
"366",2929701,"S√°tiro Dias",12827,"S·tiro Dias",12537
"367",2929750,"Saubara",154,"Saubara",282
"368",2929800,"Sa˙de",7894,"Sa˙de",7410
"369",2929909,"Seabra",11125,"Seabra",10064
"370",2930006,"Sebasti√£o Laranjeiras",24109,"Sebasti„o Laranjeiras",31184
"371",2930105,"Senhor do Bonfim",13529,"Senhor do Bonfim",14582
"372",2930204,"Sento SÈ",25853,"Sento SÈ",18806
"373",2930154,"Serra do Ramalho",60635,"Serra do Ramalho",78735
"374",2930303,"Serra Dourada",52407,"Serra Dourada",81605
"375",2930402,"Serra Preta",19.26,"Serra Preta",27145
"376",2930501,"Serrinha",11655,"Serrinha",15671
"377",2930600,"Serrol√¢ndia",7577,"Serrol‚ndia",8778
"378",2930709,"Sim√µes Filho",655,"Simıes Filho",904
"379",2930758,"S√≠tio do Mato",35.2,"SÌtio do Mato",45469
"380",2930766,"S√≠tio do Quinto",21563,"SÌtio do Quinto",18617
"381",2930774,"Sobradinho",2388,"Sobradinho",3732
"382",2930808,"Souto Soares",3719,"Souto Soares",2494
"383",2930907,"Tabocas do Brejo Velho",25224,"Tabocas do Brejo Velho",34281
"384",2931004,"Tanha√ßu",23351,"TanhaÁu",26956
"385",2931053,"Tanque Novo",11882,"Tanque Novo",7339
"386",2931103,"Tanquinho",7.08,"Tanquinho",6697
"387",2931202,"Tapero√°",592,"Tapero·",458
"388",2931301,"Tapiramut√°",18921,"Tapiramut·",19805
"389",2931350,"Teixeira de Freitas",79358,"Teixeira de Freitas",79305
"390",2931400,"Teodoro Sampaio",8.39,"Teodoro Sampaio",11316
"391",2931509,"Teofil√¢ndia",9684,"Teofil‚ndia",10100
"392",2931608,"Teol√¢ndia",1849,"Teol‚ndia",1416
"393",2931707,"Terra Nova",11401,"Terra Nova",17394
"394",2931806,"Tremedal",23124,"Tremedal",30821
"395",2931905,"Tucano",31176,"Tucano",28596
"396",2932002,"Uau√°",9004,"Uau·",2477
"397",2932101,"Uba√≠ra",14706,"UbaÌra",16990
"398",2932200,"Ubaitaba",10137,"Ubaitaba",4024
"399",2932309,"Ubat√£",2831,"Ubat„",2080
"400",2932408,"Uiba√≠",3649,"UibaÌ",2941
"401",2932457,"Umburanas",5275,"Umburanas",5844
"402",2932507,"Una",5.19,"Una",4240
"403",2932606,"Urandi",20566,"Urandi",21266
"404",2932705,"Uru√ßuca",2903,"UruÁuca",2449
"405",2932804,"Utinga",7748,"Utinga",17409
"406",2932903,"Valen√ßa",4386,"ValenÁa",3700
"407",2933000,"Valente",6383,"Valente",5141
"408",2933059,"V√°rzea da Ro√ßa",14107,"V·rzea da RoÁa",12830
"409",2933109,"V√°rzea do Po√ßo",5507,"V·rzea do PoÁo",7586
"410",2933158,"V√°rzea Nova",12.58,"V·rzea Nova",7057
"411",2933174,"Varzedo",8314,"Varzedo",10501
"412",2933208,"Vera Cruz",483,"Vera Cruz",148
"413",2933257,"Vereda",51103,"Vereda",62699
"414",2933307,"Vit√≥ria da Conquista",74.84,"VitÛria da Conquista",109624
"415",2933406,"Wagner",4018,"Wagner",1973
"416",2933455,"Wanderley",58928,"Wanderley",93320
"417",2933505,"Wenceslau Guimar√£es",4137,"Wenceslau Guimar„es",5630
"418",2933604,"Xique-Xique",22127,"Xique-Xique",21983
"419",2100055,"A√ßail√¢ndia",261.982,"AÁail‚ndia",340906
"420",2100105,"Afonso Cunha",730,"Afonso Cunha",1220
"421",2100154,"√Ågua Doce do Maranh√£o",1.692,"¡gua Doce do Maranh„o",1735
"422",2100204,"Alc√¢ntara",2.199,"Alc‚ntara",4136
"423",2100303,"Aldeias Altas",3.938,"Aldeias Altas",4860
"424",2100402,"Altamira do Maranh√£o",24.38,"Altamira do Maranh„o",40425
"425",2100436,"Alto Alegre do Maranh√£o",9.928,"Alto Alegre do Maranh„o",18606
"426",2100477,"Alto Alegre do Pindar√©",43.543,"Alto Alegre do PindarÈ",60193
"427",2100501,"Alto Parna√≠ba",23.164,"Alto ParnaÌba",47494
"428",2100550,"Amap√° do Maranh√£o",10.478,"Amap· do Maranh„o",10890
"429",2100600,"Amarante do Maranh√£o",188.959,"Amarante do Maranh„o",279813
"430",2100709,"Anajatuba",17.83,"Anajatuba",52987
"431",2100808,"Anapurus",1.501,"Anapurus",1670
"432",2100832,"Apicum-A√ßu",267,"Apicum-AÁu",2280
"433",2100873,"Araguan√£",30.09,"Araguan„",23399
"434",2100907,"Araioses",7.965,"Araioses",10925
"435",2100956,"Arame",71.378,"Arame",153067
"436",2101004,"Arari",27.718,"Arari",37889
"437",2101103,"Axix√°",270,"Axix·",435
"438",2101202,"Bacabal",106.432,"Bacabal",117575
"439",2101251,"Bacabeira",3.117,"Bacabeira",4930
"440",2101301,"Bacuri",1.676,"Bacuri",4811
"441",2101350,"Bacurituba",4.587,"Bacurituba",6709
"442",2101400,"Balsas",44.778,"Balsas",78450
"443",2101509,"Bar√£o de Graja√∫",5.457,"Bar„o de Graja˙",13499
"444",2101608,"Barra do Corda",77.047,"Barra do Corda",137384
"445",2101707,"Barreirinhas",3.26,"Barreirinhas",8343
"446",2101772,"Bela Vista do Maranh√£o",7.06,"Bela Vista do Maranh„o",8478
"447",2101731,"Bel√°gua",358,"Bel·gua",320
"448",2101806,"Benedito Leite",7.772,"Benedito Leite",15091
"449",2101905,"Bequim√£o",8.793,"Bequim„o",7429
"450",2101939,"Bernardo do Mearim",9.362,"Bernardo do Mearim",17584
"451",2101970,"Boa Vista do Gurupi",9.371,"Boa Vista do Gurupi",7980
"452",2102002,"Bom Jardim",89.393,"Bom Jardim",159123
"453",2102036,"Bom Jesus das Selvas",63.488,"Bom Jesus das Selvas",139529
"454",2102077,"Bom Lugar",33.482,"Bom Lugar",59486
"455",2102101,"Brejo",10.376,"Brejo",11150
"456",2102150,"Brejo de Areia",38.367,"Brejo de Areia",27480
"457",2102200,"Buriti",5.768,"Buriti",7100
"458",2102309,"Buriti Bravo",21.82,"Buriti Bravo",36115
"459",2102325,"Buriticupu",70.358,"Buriticupu",143789
"460",2102358,"Buritirana",54.176,"Buritirana",72312
"461",2102374,"Cachoeira Grande",468,"Cachoeira Grande",1189
"462",2102408,"Cajapi√≥",3.18,"CajapiÛ",5117
"463",2102507,"Cajari",13.597,"Cajari",12874
"464",2102556,"Campestre do Maranh√£o",41.775,"Campestre do Maranh„o",47739
"465",2102606,"C√¢ndido Mendes",6.892,"C‚ndido Mendes",4808
"466",2102705,"Cantanhede",5.735,"Cantanhede",7658
"467",2102754,"Capinzal do Norte",22.02,"Capinzal do Norte",22435
"468",2102804,"Carolina",86.61,"Carolina",109242
"469",2102903,"Carutapera",7.914,"Carutapera",13995
"470",2103000,"Caxias",19.947,"Caxias",39175
"471",2103109,"Cedral",568,"Cedral",765
"472",2103125,"Central do Maranh√£o",418,"Central do Maranh„o",2738
"473",2103158,"Centro do Guilherme",24.175,"Centro do Guilherme",26090
"474",2103174,"Centro Novo do Maranh√£o",32.302,"Centro Novo do Maranh„o",90234
"475",2103208,"Chapadinha",12.24,"Chapadinha",14550
"476",2103257,"Cidel√¢ndia",76.634,"Cidel‚ndia",99369
"477",2103307,"Cod√≥",62.975,"CodÛ",115737
"478",2103406,"Coelho Neto",2.164,"Coelho Neto",5790
"479",2103505,"Colinas",24.143,"Colinas",77355
"480",2103554,"Concei√ß√£o do Lago-A√ßu",13.091,"ConceiÁ„o do Lago-AÁu",20410
"481",2103604,"Coroat√°",25.889,"Coroat·",46950
"482",2103703,"Cururupu",802,"Cururupu",1683
"483",2103752,"Davin√≥polis",13.407,"DavinÛpolis",21968
"484",2103802,"Dom Pedro",15.225,"Dom Pedro",20642
"485",2103901,"Duque Bacelar",898,"Duque Bacelar",4273
"486",2104008,"Esperantin√≥polis",15.223,"EsperantinÛpolis",22568
"487",2104057,"Estreito",93.404,"Estreito",129649
"488",2104073,"Feira Nova do Maranh√£o",56.457,"Feira Nova do Maranh„o",75404
"489",2104081,"Fernando Falc√£o",12.728,"Fernando Falc„o",23287
"490",2104099,"Formosa da Serra Negra",84.512,"Formosa da Serra Negra",136153
"491",2104107,"Fortaleza dos Nogueiras",53.326,"Fortaleza dos Nogueiras",80287
"492",2104206,"Fortuna",11.714,"Fortuna",37230
"493",2104305,"Godofredo Viana",5.254,"Godofredo Viana",3030
"494",2104404,"Gon√ßalves Dias",23.562,"GonÁalves Dias",39864
"495",2104503,"Governador Archer",20.97,"Governador Archer",34126
"496",2104552,"Governador Edison Lob√£o",27.127,"Governador Edison Lob„o",41243
"497",2104602,"Governador Eug√™nio Barros",26.706,"Governador EugÍnio Barros",28390
"498",2104628,"Governador Luiz Rocha",6.293,"Governador Luiz Rocha",13435
"499",2104651,"Governador Newton Bello",33.095,"Governador Newton Bello",52915
"500",2104677,"Governador Nunes Freire",17.067,"Governador Nunes Freire",24956
"501",2104701,"Gra√ßa Aranha",9.007,"GraÁa Aranha",10361
"502",2104800,"Graja√∫",127.714,"Graja˙",202849
"503",2104909,"Guimar√£es",529,"Guimar„es",2080
"504",2105005,"Humberto de Campos",1.33,"Humberto de Campos",1773
"505",2105104,"Icatu",666,"Icatu",745
"506",2105153,"Igarap√© do Meio",9.31,"IgarapÈ do Meio",26302
"507",2105203,"Igarap√© Grande",14.865,"IgarapÈ Grande",27155
"508",2105302,"Imperatriz",67.583,"Imperatriz",84913
"509",2105351,"Itaipava do Graja√∫",29.05,"Itaipava do Graja˙",32661
"510",2105401,"Itapecuru Mirim",7.492,"Itapecuru Mirim",17249
"511",2105427,"Itinga do Maranh√£o",97.861,"Itinga do Maranh„o",113273
"512",2105450,"Jatob√°",7.87,"Jatob·",23545
"513",2105476,"Jenipapo dos Vieiras",37.867,"Jenipapo dos Vieiras",73657
"514",2105500,"Jo√£o Lisboa",82.702,"Jo„o Lisboa",92765
"515",2105609,"Josel√¢ndia",14.515,"Josel‚ndia",16744
"516",2105658,"Junco do Maranh√£o",16.042,"Junco do Maranh„o",29304
"517",2105708,"Lago da Pedra",52.163,"Lago da Pedra",95702
"518",2105807,"Lago do Junco",13.308,"Lago do Junco",14247
"519",2105948,"Lago dos Rodrigues",8.691,"Lago dos Rodrigues",16517
"520",2105906,"Lago Verde",34.043,"Lago Verde",52835
"521",2105922,"Lagoa do Mato",17.95,"Lagoa do Mato",26550
"522",2105963,"Lagoa Grande do Maranh√£o",25.819,"Lagoa Grande do Maranh„o",41037
"523",2105989,"Lajeado Novo",39.7,"Lajeado Novo",52939
"524",2106003,"Lima Campos",7.419,"Lima Campos",9620
"525",2106102,"Loreto",19.442,"Loreto",33324
"526",2106201,"Lu√≠s Domingues",5.61,"LuÌs Domingues",4320
"527",2106300,"Magalh√£es de Almeida",6.286,"Magalh„es de Almeida",7795
"528",2106326,"Maraca√ßum√©",22.528,"MaracaÁumÈ",31945
"529",2106359,"Maraj√° do Sena",24.058,"Maraj· do Sena",43446
"530",2106375,"Maranh√£ozinho",28.508,"Maranh„ozinho",37123
"531",2106409,"Mata Roma",1.219,"Mata Roma",2050
"532",2106508,"Matinha",17.77,"Matinha",18769
"533",2106607,"Mat√µes",12.49,"Matıes",15084
"534",2106631,"Mat√µes do Norte",12.333,"Matıes do Norte",17348
"535",2106672,"Milagres do Maranh√£o",5.046,"Milagres do Maranh„o",3150
"536",2106706,"Mirador",26.833,"Mirador",47350
"537",2106755,"Miranda do Norte",9.975,"Miranda do Norte",23582
"538",2106805,"Mirinzal",1.499,"Mirinzal",2465
"539",2106904,"Mon√ß√£o",24.702,"MonÁ„o",45138
"540",2107001,"Montes Altos",28.838,"Montes Altos",47627
"541",2107100,"Morros",692,"Morros",1296
"542",2107209,"Nina Rodrigues",982,"Nina Rodrigues",2051
"543",2107258,"Nova Colinas",21.537,"Nova Colinas",41693
"544",2107308,"Nova Iorque",5.94,"Nova Iorque",9735
"545",2107357,"Nova Olinda do Maranh√£o",27.232,"Nova Olinda do Maranh„o",35379
"546",2107407,"Olho d`√Ågua das Cunh√£s",54.575,"Olho d'¡gua das Cunh„s",70654
"547",2107456,"Olinda Nova do Maranh√£o",4.976,"Olinda Nova do Maranh„o",6592
"548",2107506,"Pa√ßo do Lumiar",571,"PaÁo do Lumiar",664
"549",2107605,"Palmeir√¢ndia",6.219,"Palmeir‚ndia",4838
"550",2107704,"Paraibano",10.917,"Paraibano",23377
"551",2107803,"Parnarama",50.04,"Parnarama",69101
"552",2107902,"Passagem Franca",17.653,"Passagem Franca",36273
"553",2108009,"Pastos Bons",19.41,"Pastos Bons",28675
"554",2108058,"Paulino Neves",2.742,"Paulino Neves",3218
"555",2108108,"Paulo Ramos",54.395,"Paulo Ramos",52514
"556",2108207,"Pedreiras",5.654,"Pedreiras",19327
"557",2108256,"Pedro do Ros√°rio",52.102,"Pedro do Ros·rio",22717
"558",2108306,"Penalva",21.553,"Penalva",13294
"559",2108405,"Peri Mirim",2.845,"Peri Mirim",3828
"560",2108454,"Peritor√≥",13.758,"PeritorÛ",34630
"561",2108504,"Pindar√©-Mirim",8.739,"PindarÈ-Mirim",14586
"562",2108603,"Pinheiro",14.522,"Pinheiro",32419
"563",2108702,"Pio XII",22.888,"Pio XII",35737
"564",2108801,"Pirapemas",7.108,"Pirapemas",13442
"565",2108900,"Po√ß√£o de Pedras",39.628,"PoÁ„o de Pedras",55193
"566",2109007,"Porto Franco",82.949,"Porto Franco",554440
"567",2109007,"Porto Franco",82.949,"Porto Franco",96275
"568",2109056,"Porto Rico do Maranh√£o",334,"Porto Rico do Maranh„o",1167
"569",2109106,"Presidente Dutra",34.823,"Presidente Dutra",67930
"570",2109205,"Presidente Juscelino",271,"Presidente Juscelino",870
"571",2109239,"Presidente M√©dici",12.8,"Presidente MÈdici",29200
"572",2109270,"Presidente Sarney",9.335,"Presidente Sarney",5256
"573",2109304,"Presidente Vargas",890,"Presidente Vargas",1338
"574",2109403,"Primeira Cruz",518,"Primeira Cruz",1359
"575",2109452,"Raposa",243,"Raposa",437
"576",2109502,"Riach√£o",87.14,"Riach„o",119378
"577",2109551,"Ribamar Fiquene",35.894,"Ribamar Fiquene",59154
"578",2109601,"Ros√°rio",428,"Ros·rio",1199
"579",2109700,"Samba√≠ba",13.97,"SambaÌba",23927
"580",2109759,"Santa Filomena do Maranh√£o",17.206,"Santa Filomena do Maranh„o",22598
"581",2109809,"Santa Helena",17.196,"Santa Helena",14274
"582",2109908,"Santa In√™s",31.889,"Santa InÍs",67744
"583",2110005,"Santa Luzia",136.724,"Santa Luzia",249087
"584",2110039,"Santa Luzia do Paru√°",31.768,"Santa Luzia do Paru·",63459
"585",2110104,"Santa Quit√©ria do Maranh√£o",2.881,"Santa QuitÈria do Maranh„o",5670
"586",2110203,"Santa Rita",8.066,"Santa Rita",16655
"587",2110237,"Santana do Maranh√£o",1.044,"Santana do Maranh„o",4215
"588",2110278,"Santo Amaro do Maranh√£o",752,"Santo Amaro do Maranh„o",1551
"589",2110302,"Santo Ant√¥nio dos Lopes",23.008,"Santo AntÙnio dos Lopes",21619
"590",2110401,"S√£o Benedito do Rio Preto",1.005,"S„o Benedito do Rio Preto",1150
"591",2110500,"S√£o Bento",4.352,"S„o Bento",5245
"592",2110609,"S√£o Bernardo",5.453,"S„o Bernardo",12866
"593",2110658,"S√£o Domingos do Azeit√£o",6.761,"S„o Domingos do Azeit„o",8044
"594",2110708,"S√£o Domingos do Maranh√£o",30,"S„o Domingos do Maranh„o",61548
"595",2110807,"S√£o F√©lix de Balsas",11.535,"S„o FÈlix de Balsas",17828
"596",2110856,"S√£o Francisco do Brej√£o",58.67,"S„o Francisco do Brej„o",68617
"597",2110906,"S√£o Francisco do Maranh√£o",8.038,"S„o Francisco do Maranh„o",19518
"598",2111003,"S√£o Jo√£o Batista",12.246,"S„o Jo„o Batista",10921
"599",2111029,"S√£o Jo√£o do Car√∫",18.362,"S„o Jo„o do Car˙",43869
"600",2111052,"S√£o Jo√£o do Para√≠so",78.955,"S„o Jo„o do ParaÌso",109188
"601",2111078,"S√£o Jo√£o do Soter",4.536,"S„o Jo„o do Soter",11230
"602",2111102,"S√£o Jo√£o dos Patos",11.404,"S„o Jo„o dos Patos",31714
"603",2111201,"S√£o Jos√© de Ribamar",668,"S„o JosÈ de Ribamar",1202
"604",2111250,"S√£o Jos√© dos Bas√≠lios",10.901,"S„o JosÈ dos BasÌlios",14406
"605",2111300,"S√£o Lu√≠s",446,"S„o LuÌs",1178
"606",2111409,"S√£o Lu√≠s Gonzaga do Maranh√£o",41.038,"S„o LuÌs Gonzaga do Maranh„o",76220
"607",2111508,"S√£o Mateus do Maranh√£o",17.531,"S„o Mateus do Maranh„o",40343
"608",2111532,"S√£o Pedro da √Ågua Branca",31.607,"S„o Pedro da ¡gua Branca",26062
"609",2111573,"S√£o Pedro dos Crentes",37.315,"S„o Pedro dos Crentes",62347
"610",2111607,"S√£o Raimundo das Mangabeiras",19.83,"S„o Raimundo das Mangabeiras",37788
"611",2111631,"S√£o Raimundo do Doca Bezerra",17.641,"S„o Raimundo do Doca Bezerra",8797
"612",2111672,"S√£o Roberto",9.189,"S„o Roberto",8267
"613",2111706,"S√£o Vicente Ferrer",5.009,"S„o Vicente Ferrer",7599
"614",2111722,"Satubinha",16.247,"Satubinha",25522
"615",2111748,"Senador Alexandre Costa",9.15,"Senador Alexandre Costa",16833
"616",2111763,"Senador La Rocque",49.366,"Senador La Rocque",94780
"617",2111789,"Serrano do Maranh√£o",1.928,"Serrano do Maranh„o",5989
"618",2111805,"S√≠tio Novo",90.458,"SÌtio Novo",148387
"619",2111904,"Sucupira do Norte",11.647,"Sucupira do Norte",17954
"620",2111953,"Sucupira do Riach√£o",3.771,"Sucupira do Riach„o",9746
"621",2112001,"Tasso Fragoso",10.625,"Tasso Fragoso",20084
"622",2112100,"Timbiras",7.241,"Timbiras",10260
"623",2112209,"Timon",9.081,"Timon",21100
"624",2112233,"Trizidela do Vale",6.542,"Trizidela do Vale",12487
"625",2112274,"Tufil√¢ndia",8.737,"Tufil‚ndia",17240
"626",2112308,"Tuntum",107.241,"Tuntum",132127
"627",2112407,"Turia√ßu",10.717,"TuriaÁu",11016
"628",2112456,"Turil√¢ndia",12.346,"Turil‚ndia",29083
"629",2112506,"Tut√≥ia",3.974,"TutÛia",2725
"630",2112605,"Urbano Santos",1.484,"Urbano Santos",1200
"631",2112704,"Vargem Grande",6.623,"Vargem Grande",18420
"632",2112803,"Viana",14.189,"Viana",20075
"633",2112852,"Vila Nova dos Mart√≠rios",67.817,"Vila Nova dos MartÌrios",87378
"634",2112902,"Vit√≥ria do Mearim",15.537,"VitÛria do Mearim",25573
"635",2113009,"Vitorino Freire",66.724,"Vitorino Freire",87945
"636",2114007,"Z√© Doca",52.85,"ZÈ Doca",137720
"637",2200053,"Acau√£",6.157,"Acau„",6356
"638",2200103,"Agricol√¢ndia",1.696,"Agricol‚ndia",1638
"639",2200202,"√Ågua Branca",2.774,"¡gua Branca",2876
"640",2200251,"Alagoinha do Piau√≠",5.707,"Alagoinha do PiauÌ",5661
"641",2200277,"Alegrete do Piau√≠",3.648,"Alegrete do PiauÌ",3665
"642",2200301,"Alto Long√°",14.894,"Alto Long·",14619
"643",2200400,"Altos",7.636,"Altos",7566
"644",2200459,"Alvorada do Gurgu√©ia",7.382,"Alvorada do GurguÈia",7263
"645",2200509,"Amarante",9.46,"Amarante",9378
"646",2200608,"Angical do Piau√≠",4.037,"Angical do PiauÌ",5539
"647",2200707,"An√≠sio de Abreu",2.157,"AnÌsio de Abreu",2096
"648",2200806,"Ant√¥nio Almeida",2.184,"AntÙnio Almeida",3642
"649",2200905,"Aroazes",6.416,"Aroazes",6701
"650",2200954,"Aroeiras do Itaim",3.371,"Aroeiras do Itaim",3311
"651",2201002,"Arraial",3.379,"Arraial",3350
"652",2201051,"Assun√ß√£o do Piau√≠",4.533,"AssunÁ„o do PiauÌ",4451
"653",2201101,"Avelino Lopes",11.587,"Avelino Lopes",11489
"654",2201150,"Baixa Grande do Ribeiro",13.805,"Baixa Grande do Ribeiro",13918
"655",2201176,"Barra d`Alc√¢ntara",2.221,"Barra d'Alc‚ntara",2175
"656",2201200,"Barras",16.267,"Barras",15943
"657",2201309,"Barreiras do Piau√≠",4.647,"Barreiras do PiauÌ",4821
"658",2201408,"Barro Duro",1.654,"Barro Duro",1646
"659",2201507,"Batalha",15.833,"Batalha",15517
"660",2201556,"Bela Vista do Piau√≠",5.802,"Bela Vista do PiauÌ",5926
"661",2201572,"Bel√©m do Piau√≠",1.97,"BelÈm do PiauÌ",1973
"662",2201606,"Beneditinos",4.919,"Beneditinos",4882
"663",2201705,"Bertol√≠nia",8.326,"BertolÌnia",9339
"664",2201739,"Bet√¢nia do Piau√≠",2.662,"Bet‚nia do PiauÌ",2608
"665",2201770,"Boa Hora",1.696,"Boa Hora",1660
"666",2201804,"Bocaina",3.442,"Bocaina",3385
"667",2201903,"Bom Jesus",27.183,"Bom Jesus",26701
"668",2201919,"Bom Princ√≠pio do Piau√≠",2.942,"Bom PrincÌpio do PiauÌ",3147
"669",2201929,"Bonfim do Piau√≠",1.696,"Bonfim do PiauÌ",1646
"670",2201945,"Boqueir√£o do Piau√≠",1.329,"Boqueir„o do PiauÌ",1309
"671",2201960,"Brasileira",3.874,"Brasileira",4039
"672",2201988,"Brejo do Piau√≠",5.731,"Brejo do PiauÌ",5611
"673",2202000,"Buriti dos Lopes",5.821,"Buriti dos Lopes",6225
"674",2202026,"Buriti dos Montes",7.181,"Buriti dos Montes",7026
"675",2202059,"Cabeceiras do Piau√≠",5.883,"Cabeceiras do PiauÌ",5785
"676",2202075,"Cajazeiras do Piau√≠",4.01,"Cajazeiras do PiauÌ",4090
"677",2202083,"Cajueiro da Praia",1.059,"Cajueiro da Praia",1095
"678",2202091,"Caldeir√£o Grande do Piau√≠",3.277,"Caldeir„o Grande do PiauÌ",3235
"679",2202109,"Campinas do Piau√≠",7.48,"Campinas do PiauÌ",7420
"680",2202117,"Campo Alegre do Fidalgo",2.398,"Campo Alegre do Fidalgo",2455
"681",2202133,"Campo Grande do Piau√≠",2.134,"Campo Grande do PiauÌ",2101
"682",2202174,"Campo Largo do Piau√≠",4.3,"Campo Largo do PiauÌ",4224
"683",2202208,"Campo Maior",22.434,"Campo Maior",21939
"684",2202251,"Canavieira",8.89,"Canavieira",9779
"685",2202307,"Canto do Buriti",9.487,"Canto do Buriti",9287
"686",2202406,"Capit√£o de Campos",4.001,"Capit„o de Campos",4115
"687",2202455,"Capit√£o Gerv√°sio Oliveira",3.39,"Capit„o Gerv·sio Oliveira",5405
"688",2202505,"Caracol",4.401,"Caracol",4285
"689",2202539,"Cara√∫bas do Piau√≠",8.589,"Cara˙bas do PiauÌ",8768
"690",2202554,"Caridade do Piau√≠",4.406,"Caridade do PiauÌ",4332
"691",2202604,"Castelo do Piau√≠",11.112,"Castelo do PiauÌ",10935
"692",2202653,"Caxing√≥",4.045,"CaxingÛ",4147
"693",2202703,"Cocal",7.289,"Cocal",7124
"694",2202711,"Cocal de Telha",2.412,"Cocal de Telha",2630
"695",2202729,"Cocal dos Alves",2.151,"Cocal dos Alves",2110
"696",2202737,"Coivaras",2.945,"Coivaras",2875
"697",2202752,"Col√¥nia do Gurgu√©ia",6.218,"ColÙnia do GurguÈia",6094
"698",2202778,"Col√¥nia do Piau√≠",7.99,"ColÙnia do PiauÌ",7802
"699",2202802,"Concei√ß√£o do Canind√©",3.714,"ConceiÁ„o do CanindÈ",3790
"700",2202851,"Coronel Jos√© Dias",2.811,"Coronel JosÈ Dias",2760
"701",2202901,"Corrente",30.252,"Corrente",29416
"702",2203008,"Cristal√¢ndia do Piau√≠",21.087,"Cristal‚ndia do PiauÌ",20492
"703",2203107,"Cristino Castro",5.415,"Cristino Castro",5339
"704",2203206,"Curimat√°",20.698,"Curimat·",20524
"705",2203230,"Currais",14.683,"Currais",14404
"706",2203271,"Curral Novo do Piau√≠",2.806,"Curral Novo do PiauÌ",2865
"707",2203255,"Curralinhos",3.672,"Curralinhos",3601
"708",2203305,"Demerval Lob√£o",1.741,"Demerval Lob„o",1750
"709",2203354,"Dirceu Arcoverde",3.719,"Dirceu Arcoverde",3609
"710",2203404,"Dom Expedito Lopes",1.143,"Dom Expedito Lopes",1193
"711",2203453,"Dom Inoc√™ncio",7.753,"Dom InocÍncio",7462
"712",2203420,"Domingos Mour√£o",3.182,"Domingos Mour„o",3108
"713",2203503,"Elesb√£o Veloso",15.474,"Elesb„o Veloso",16249
"714",2203602,"Eliseu Martins",6.351,"Eliseu Martins",6257
"715",2203701,"Esperantina",9.225,"Esperantina",9022
"716",2203750,"Fartura do Piau√≠",3.354,"Fartura do PiauÌ",3232
"717",2203800,"Flores do Piau√≠",4.741,"Flores do PiauÌ",4671
"718",2203859,"Floresta do Piau√≠",2.641,"Floresta do PiauÌ",2593
"719",2203909,"Floriano",10.882,"Floriano",10831
"720",2204006,"Francin√≥polis",3.022,"FrancinÛpolis",3016
"721",2204105,"Francisco Ayres",3.314,"Francisco Ayres",3626
"722",2204154,"Francisco Macedo",1.621,"Francisco Macedo",1591
"723",2204204,"Francisco Santos",3.69,"Francisco Santos",3408
"724",2204303,"Fronteiras",6.134,"Fronteiras",6086
"725",2204352,"Geminiano",3.254,"Geminiano",3698
"726",2204402,"Gilbu√©s",10.671,"GilbuÈs",10892
"727",2204501,"Guadalupe",5.283,"Guadalupe",5388
"728",2204550,"Guaribas",2.128,"Guaribas",2076
"729",2204600,"Hugo Napole√£o",1.306,"Hugo Napole„o",2114
"730",2204659,"Ilha Grande",1.593,"Ilha Grande",1702
"731",2204709,"Inhuma",7.02,"Inhuma",7632
"732",2204808,"Ipiranga do Piau√≠",3.969,"Ipiranga do PiauÌ",2938
"733",2204907,"Isa√≠as Coelho",8.954,"IsaÌas Coelho",8266
"734",2205003,"Itain√≥polis",7.509,"ItainÛpolis",7298
"735",2205102,"Itaueira",14.178,"Itaueira",13884
"736",2205151,"Jacobina do Piau√≠",10.918,"Jacobina do PiauÌ",10810
"737",2205201,"Jaic√≥s",4.195,"JaicÛs",4159
"738",2205250,"Jardim do Mulato",3.362,"Jardim do Mulato",3311
"739",2205276,"Jatob√° do Piau√≠",7.416,"Jatob· do PiauÌ",7470
"740",2205300,"Jerumenha",6.757,"Jerumenha",6914
"741",2205359,"Jo√£o Costa",3.509,"Jo„o Costa",3686
"742",2205409,"Joaquim Pires",11.402,"Joaquim Pires",11344
"743",2205458,"Joca Marques",4.594,"Joca Marques",4703
"744",2205508,"Jos√© de Freitas",14.443,"JosÈ de Freitas",14402
"745",2205516,"Juazeiro do Piau√≠",4.184,"Juazeiro do PiauÌ",4194
"746",2205524,"J√∫lio Borges",11.912,"J˙lio Borges",12159
"747",2205532,"Jurema",2.619,"Jurema",2541
"748",2205557,"Lagoa Alegre",1.85,"Lagoa Alegre",1852
"749",2205573,"Lagoa de S√£o Francisco",1.187,"Lagoa de S„o Francisco",1214
"750",2205565,"Lagoa do Barro do Piau√≠",3.53,"Lagoa do Barro do PiauÌ",3605
"751",2205581,"Lagoa do Piau√≠",3.076,"Lagoa do PiauÌ",3057
"752",2205599,"Lagoa do S√≠tio",3.86,"Lagoa do SÌtio",3714
"753",2205540,"Lagoinha do Piau√≠",1.33,"Lagoinha do PiauÌ",1444
"754",2205607,"Landri Sales",7.566,"Landri Sales",7790
"755",2205706,"Lu√≠s Correia",8.959,"LuÌs Correia",8975
"756",2205805,"Luzil√¢ndia",8.088,"Luzil‚ndia",7967
"757",2205854,"Madeiro",4.341,"Madeiro",4250
"758",2205904,"Manoel Em√≠dio",8.013,"Manoel EmÌdio",7701
"759",2205953,"Marcol√¢ndia",723,"Marcol‚ndia",729
"760",2206001,"Marcos Parente",5.726,"Marcos Parente",5572
"761",2206050,"Massap√™ do Piau√≠",2.836,"MassapÍ do PiauÌ",2811
"762",2206100,"Matias Ol√≠mpio",2.299,"Matias OlÌmpio",2261
"763",2206209,"Miguel Alves",7.384,"Miguel Alves",7328
"764",2206308,"Miguel Le√£o",203,"Miguel Le„o",210
"765",2206357,"Milton Brand√£o",3.605,"Milton Brand„o",3692
"766",2206407,"Monsenhor Gil",2.723,"Monsenhor Gil",2738
"767",2206506,"Monsenhor Hip√≥lito",5.529,"Monsenhor HipÛlito",5429
"768",2206605,"Monte Alegre do Piau√≠",24.805,"Monte Alegre do PiauÌ",24164
"769",2206654,"Morro Cabe√ßa no Tempo",6.159,"Morro CabeÁa no Tempo",6559
"770",2206670,"Morro do Chap√©u do Piau√≠",4.167,"Morro do ChapÈu do PiauÌ",4238
"771",2206696,"Murici dos Portelas",3.994,"Murici dos Portelas",4816
"772",2206704,"Nazar√© do Piau√≠",6.73,"NazarÈ do PiauÌ",6857
"773",2206720,"Naz√°ria",4.06,"Naz·ria",4245
"774",2206753,"Nossa Senhora de Nazar√©",3.844,"Nossa Senhora de NazarÈ",3774
"775",2206803,"Nossa Senhora dos Rem√©dios",4.105,"Nossa Senhora dos RemÈdios",4033
"776",2207959,"Nova Santa Rita",5.805,"Nova Santa Rita",5928
"777",2206902,"Novo Oriente do Piau√≠",7.201,"Novo Oriente do PiauÌ",7102
"778",2206951,"Novo Santo Ant√¥nio",4.398,"Novo Santo AntÙnio",4337
"779",2207009,"Oeiras",13.568,"Oeiras",13850
"780",2207108,"Olho d`√Ågua do Piau√≠",2.801,"Olho d'¡gua do PiauÌ",3585
"781",2207207,"Padre Marcos",2.34,"Padre Marcos",2389
"782",2207306,"Paes Landim",3.624,"Paes Landim",3701
"783",2207355,"Paje√∫ do Piau√≠",5.106,"Paje˙ do PiauÌ",5029
"784",2207405,"Palmeira do Piau√≠",7.54,"Palmeira do PiauÌ",7415
"785",2207504,"Palmeirais",5.985,"Palmeirais",6258
"786",2207553,"Paquet√°",2.419,"Paquet·",2471
"787",2207603,"Parnagu√°",44.989,"Parnagu·",41551
"788",2207702,"Parna√≠ba",6.201,"ParnaÌba",6088
"789",2207751,"Passagem Franca do Piau√≠",4.509,"Passagem Franca do PiauÌ",4436
"790",2207777,"Patos do Piau√≠",5.313,"Patos do PiauÌ",4906
"791",2207793,"Pau d`Arco do Piau√≠",1.91,"Pau d'Arco do PiauÌ",1873
"792",2207801,"Paulistana",9.591,"Paulistana",9398
"793",2207850,"Pavussu",2.306,"Pavussu",2309
"794",2207900,"Pedro II",5.829,"Pedro II",5910
"795",2207934,"Pedro Laurentino",5.143,"Pedro Laurentino",5253
"796",2208007,"Picos",9.051,"Picos",10035
"797",2208106,"Pimenteiras",15.167,"Pimenteiras",14450
"798",2208205,"Pio IX",7.348,"Pio IX",7359
"799",2208304,"Piracuruca",13.754,"Piracuruca",14194
"800",2208403,"Piripiri",11.185,"Piripiri",11965
"801",2208502,"Porto",3.003,"Porto",3003
"802",2208551,"Porto Alegre do Piau√≠",6.388,"Porto Alegre do PiauÌ",6128
"803",2208601,"Prata do Piau√≠",1.317,"Prata do PiauÌ",1289
"804",2208650,"Queimada Nova",5.639,"Queimada Nova",5537
"805",2208700,"Reden√ß√£o do Gurgu√©ia",12.423,"RedenÁ„o do GurguÈia",12185
"806",2208809,"Regenera√ß√£o",3.606,"RegeneraÁ„o",5264
"807",2208858,"Riacho Frio",15.174,"Riacho Frio",15489
"808",2208874,"Ribeira do Piau√≠",6.539,"Ribeira do PiauÌ",6674
"809",2208908,"Ribeiro Gon√ßalves",9.278,"Ribeiro GonÁalves",9361
"810",2209005,"Rio Grande do Piau√≠",5.499,"Rio Grande do PiauÌ",5501
"811",2209104,"Santa Cruz do Piau√≠",5.627,"Santa Cruz do PiauÌ",5755
"812",2209153,"Santa Cruz dos Milagres",19.214,"Santa Cruz dos Milagres",19145
"813",2209203,"Santa Filomena",14.381,"Santa Filomena",14680
"814",2209302,"Santa Luz",14.231,"Santa Luz",13862
"815",2209377,"Santa Rosa do Piau√≠",5.429,"Santa Rosa do PiauÌ",5551
"816",2209351,"Santana do Piau√≠",942,"Santana do PiauÌ",924
"817",2209401,"Santo Ant√¥nio de Lisboa",2.64,"Santo AntÙnio de Lisboa",2645
"818",2209450,"Santo Ant√¥nio dos Milagres",209,"Santo AntÙnio dos Milagres",267
"819",2209500,"Santo In√°cio do Piau√≠",5.3,"Santo In·cio do PiauÌ",4895
"820",2209559,"S√£o Braz do Piau√≠",1.303,"S„o Braz do PiauÌ",1271
"821",2209609,"S√£o F√©lix do Piau√≠",6.039,"S„o FÈlix do PiauÌ",5902
"822",2209658,"S√£o Francisco de Assis do Piau√≠",3.982,"S„o Francisco de Assis do PiauÌ",4065
"823",2209708,"S√£o Francisco do Piau√≠",5.943,"S„o Francisco do PiauÌ",6092
"824",2209757,"S√£o Gon√ßalo do Gurgu√©ia",6.253,"S„o GonÁalo do GurguÈia",6113
"825",2209807,"S√£o Gon√ßalo do Piau√≠",2.392,"S„o GonÁalo do PiauÌ",2419
"826",2209856,"S√£o Jo√£o da Canabrava",1.201,"S„o Jo„o da Canabrava",1189
"827",2209872,"S√£o Jo√£o da Fronteira",2.983,"S„o Jo„o da Fronteira",3067
"828",2209906,"S√£o Jo√£o da Serra",8.812,"S„o Jo„o da Serra",8634
"829",2209955,"S√£o Jo√£o da Varjota",1.468,"S„o Jo„o da Varjota",1498
"830",2209971,"S√£o Jo√£o do Arraial",2.325,"S„o Jo„o do Arraial",2281
"831",2210003,"S√£o Jo√£o do Piau√≠",6.28,"S„o Jo„o do PiauÌ",6421
"832",2210052,"S√£o Jos√© do Divino",8.545,"S„o JosÈ do Divino",9006
"833",2210102,"S√£o Jos√© do Peixe",6.126,"S„o JosÈ do Peixe",6051
"834",2210201,"S√£o Jos√© do Piau√≠",3.42,"S„o JosÈ do PiauÌ",3338
"835",2210300,"S√£o Juli√£o",2.878,"S„o Juli„o",2815
"836",2210359,"S√£o Louren√ßo do Piau√≠",1.947,"S„o LourenÁo do PiauÌ",1892
"837",2210375,"S√£o Luis do Piau√≠",1.537,"S„o Luis do PiauÌ",1510
"838",2210383,"S√£o Miguel da Baixa Grande",2.354,"S„o Miguel da Baixa Grande",2517
"839",2210391,"S√£o Miguel do Fidalgo",3.455,"S„o Miguel do Fidalgo",3456
"840",2210409,"S√£o Miguel do Tapuio",16.06,"S„o Miguel do Tapuio",15705
"841",2210508,"S√£o Pedro do Piau√≠",6.418,"S„o Pedro do PiauÌ",6463
"842",2210607,"S√£o Raimundo Nonato",4.562,"S„o Raimundo Nonato",4397
"843",2210623,"Sebasti√£o Barros",16.939,"Sebasti„o Barros",17291
"844",2210631,"Sebasti√£o Leal",7.888,"Sebasti„o Leal",7951
"845",2210656,"Sigefredo Pacheco",7.211,"Sigefredo Pacheco",7122
"846",2210706,"Sim√µes",7.404,"Simıes",7484
"847",2210805,"Simpl√≠cio Mendes",9.933,"SimplÌcio Mendes",10152
"848",2210904,"Socorro do Piau√≠",3.667,"Socorro do PiauÌ",3750
"849",2210938,"Sussuapara",2.221,"Sussuapara",2116
"850",2210953,"Tamboril do Piau√≠",2.587,"Tamboril do PiauÌ",2524
"851",2210979,"Tanque do Piau√≠",1.233,"Tanque do PiauÌ",1256
"852",2211001,"Teresina",9.627,"Teresina",10449
"853",2211100,"Uni√£o",10.153,"Uni„o",10140
"854",2211209,"Uru√ßu√≠",20.823,"UruÁuÌ",20604
"855",2211308,"Valen√ßa do Piau√≠",6.771,"ValenÁa do PiauÌ",6649
"856",2211357,"V√°rzea Branca",2.541,"V·rzea Branca",2450
"857",2211407,"V√°rzea Grande",1.542,"V·rzea Grande",1650
"858",2211506,"Vera Mendes",2.286,"Vera Mendes",2231
"859",2211605,"Vila Nova do Piau√≠",3.568,"Vila Nova do PiauÌ",3402
"860",2211704,"Wall Ferraz",3.555,"Wall Ferraz",3639
"861",1700251,"Abreul√¢ndia",69.883,"Abreul‚ndia",69039
"862",1700301,"Aguiarn√≥polis",8.226,"AguiarnÛpolis",11437
"863",1700350,"Alian√ßa do Tocantins",50.292,"AlianÁa do Tocantins",76813
"864",1700400,"Almas",29.279,"Almas",63065
"865",1700707,"Alvorada",44.325,"Alvorada",52224
"866",1701002,"Anan√°s",80.768,"Anan·s",100256
"867",1701051,"Angico",15.967,"Angico",15104
"868",1701101,"Aparecida do Rio Negro",17.273,"Aparecida do Rio Negro",18104
"869",1701309,"Aragominas",65.609,"Aragominas",95749
"870",1701903,"Araguacema",61.024,"Araguacema",65512
"871",1702000,"Aragua√ßu",281.253,"AraguaÁu",380160
"872",1702109,"Aragua√≠na",183.378,"AraguaÌna",251429
"873",1702158,"Araguan√£",45.374,"Araguan„",83053
"874",1702208,"Araguatins",119.465,"Araguatins",164853
"875",1702307,"Arapoema",94.595,"Arapoema",158090
"876",1702406,"Arraias",124.32,"Arraias",200700
"877",1702554,"Augustin√≥polis",33.33,"AugustinÛpolis",60615
"878",1702703,"Aurora do Tocantins",22.997,"Aurora do Tocantins",45350
"879",1702901,"Axix√° do Tocantins",9.057,"Axix· do Tocantins",34654
"880",1703008,"Baba√ßul√¢ndia",47.995,"BabaÁul‚ndia",63521
"881",1703057,"Bandeirantes do Tocantins",109.276,"Bandeirantes do Tocantins",149432
"882",1703073,"Barra do Ouro",13.798,"Barra do Ouro",27822
"883",1703107,"Barrol√¢ndia",37.615,"Barrol‚ndia",63800
"884",1703206,"Bernardo Say√£o",76.614,"Bernardo Say„o",99841
"885",1703305,"Bom Jesus do Tocantins",17.061,"Bom Jesus do Tocantins",31254
"886",1703602,"Brasil√¢ndia do Tocantins",36.673,"Brasil‚ndia do Tocantins",32025
"887",1703701,"Brejinho de Nazar√©",36.676,"Brejinho de NazarÈ",47604
"888",1703800,"Buriti do Tocantins",23.496,"Buriti do Tocantins",31320
"889",1703826,"Cachoeirinha",6.48,"Cachoeirinha",8287
"890",1703842,"Campos Lindos",22.037,"Campos Lindos",32887
"891",1703867,"Cariri do Tocantins",59.904,"Cariri do Tocantins",70877
"892",1703883,"Carmol√¢ndia",31.973,"Carmol‚ndia",37864
"893",1703891,"Carrasco Bonito",14.847,"Carrasco Bonito",20997
"894",1703909,"Caseara",29.042,"Caseara",51181
"895",1704105,"Centen√°rio",14.422,"Centen·rio",20379
"896",1705102,"Chapada da Natividade",21.847,"Chapada da Natividade",35465
"897",1704600,"Chapada de Areia",28.952,"Chapada de Areia",32193
"898",1705508,"Colinas do Tocantins",81.727,"Colinas do Tocantins",119265
"899",1716703,"Colm√©ia",71.984,"ColmÈia",94536
"900",1705557,"Combinado",13.483,"Combinado",25170
"901",1705607,"Concei√ß√£o do Tocantins",21.85,"ConceiÁ„o do Tocantins",33220
"902",1706001,"Couto Magalh√£es",52.578,"Couto Magalh„es",57197
"903",1706100,"Cristal√¢ndia",56.697,"Cristal‚ndia",68301
"904",1706258,"Crix√°s do Tocantins",36.049,"Crix·s do Tocantins",49202
"905",1706506,"Darcin√≥polis",14.233,"DarcinÛpolis",21162
"906",1707009,"Dian√≥polis",25.774,"DianÛpolis",56500
"907",1707108,"Divin√≥polis do Tocantins",80.57,"DivinÛpolis do Tocantins",120231
"908",1707207,"Dois Irm√£os do Tocantins",127.335,"Dois Irm„os do Tocantins",171314
"909",1707306,"Duer√©",99.906,"DuerÈ",160171
"910",1707405,"Esperantina",20.024,"Esperantina",23492
"911",1707553,"F√°tima",13.631,"F·tima",22836
"912",1707652,"Figueir√≥polis",85.761,"FigueirÛpolis",97249
"913",1707702,"Filad√©lfia",55.474,"FiladÈlfia",103502
"914",1708205,"Formoso do Araguaia",202.85,"Formoso do Araguaia",316345
"915",1708254,"Fortaleza do Taboc√£o",24.37,"Fortaleza do Taboc„o",61578
"916",1708304,"Goianorte",66.814,"Goianorte",102841
"917",1709005,"Goiatins",41.387,"Goiatins",58476
"918",1709302,"Guara√≠",69.448,"GuaraÌ",118261
"919",1709500,"Gurupi",72.466,"Gurupi",100647
"920",1709807,"Ipueiras",11.101,"Ipueiras",20143
"921",1710508,"Itacaj√°",58.203,"Itacaj·",81391
"922",1710706,"Itaguatins",31.329,"Itaguatins",57239
"923",1710904,"Itapiratins",42.148,"Itapiratins",56045
"924",1711100,"Itapor√£ do Tocantins",92.758,"Itapor„ do Tocantins",100599
"925",1711506,"Ja√∫ do Tocantins",66.604,"Ja˙ do Tocantins",101553
"926",1711803,"Juarina",23.609,"Juarina",29552
"927",1711902,"Lagoa da Confus√£o",87.05,"Lagoa da Confus„o",116235
"928",1711951,"Lagoa do Tocantins",10.865,"Lagoa do Tocantins",13072
"929",1712009,"Lajeado",3.319,"Lajeado",7025
"930",1712157,"Lavandeira",16.94,"Lavandeira",23120
"931",1712405,"Lizarda",16.527,"Lizarda",18701
"932",1712454,"Luzin√≥polis",6.667,"LuzinÛpolis",8465
"933",1712504,"Marian√≥polis do Tocantins",78.641,"MarianÛpolis do Tocantins",86116
"934",1712702,"Mateiros",3.197,"Mateiros",7830
"935",1712801,"Mauril√¢ndia do Tocantins",12.416,"Mauril‚ndia do Tocantins",20229
"936",1713205,"Miracema do Tocantins",98.836,"Miracema do Tocantins",135868
"937",1713304,"Miranorte",45.753,"Miranorte",70240
"938",1713601,"Monte do Carmo",47.416,"Monte do Carmo",70616
"939",1713700,"Monte Santo do Tocantins",45.113,"Monte Santo do Tocantins",76259
"940",1713957,"Muricil√¢ndia",57.655,"Muricil‚ndia",69292
"941",1714203,"Natividade",39.23,"Natividade",78500
"942",1714302,"Nazar√©",7.93,"NazarÈ",18308
"943",1714880,"Nova Olinda",66.49,"Nova Olinda",74833
"944",1715002,"Nova Rosal√¢ndia",18.569,"Nova Rosal‚ndia",19892
"945",1715101,"Novo Acordo",11.649,"Novo Acordo",11905
"946",1715150,"Novo Alegre",16.547,"Novo Alegre",25100
"947",1715259,"Novo Jardim",9.924,"Novo Jardim",12350
"948",1715507,"Oliveira de F√°tima",4.752,"Oliveira de F·tima",10246
"949",1721000,"Palmas",17.458,"Palmas",26502
"950",1715705,"Palmeirante",48.227,"Palmeirante",66007
"951",1713809,"Palmeiras do Tocantins",26.066,"Palmeiras do Tocantins",30586
"952",1715754,"Palmeir√≥polis",48.425,"PalmeirÛpolis",66344
"953",1716109,"Para√≠so do Tocantins",57.941,"ParaÌso do Tocantins",87313
"954",1716208,"Paran√£",73.043,"Paran„",140183
"955",1716307,"Pau d`Arco",101.351,"Pau d'Arco",91026
"956",1716505,"Pedro Afonso",18.095,"Pedro Afonso",24936
"957",1716604,"Peixe",149.654,"Peixe",226723
"958",1716653,"Pequizeiro",101.422,"Pequizeiro",97281
"959",1717008,"Pindorama do Tocantins",53.686,"Pindorama do Tocantins",52862
"960",1717206,"Piraqu√™",69.963,"PiraquÍ",98382
"961",1717503,"Pium",162.498,"Pium",183489
"962",1717800,"Ponte Alta do Bom Jesus",17.841,"Ponte Alta do Bom Jesus",37465
"963",1717909,"Ponte Alta do Tocantins",42.659,"Ponte Alta do Tocantins",78980
"964",1718006,"Porto Alegre do Tocantins",6.625,"Porto Alegre do Tocantins",9080
"965",1718204,"Porto Nacional",91.816,"Porto Nacional",120580
"966",1718303,"Praia Norte",12.434,"Praia Norte",21643
"967",1718402,"Presidente Kennedy",31.951,"Presidente Kennedy",40845
"968",1718451,"Pugmil",17.651,"Pugmil",15662
"969",1718501,"Recursol√¢ndia",26.841,"Recursol‚ndia",39864
"970",1718550,"Riachinho",32.541,"Riachinho",35011
"971",1718659,"Rio da Concei√ß√£o",544,"Rio da ConceiÁ„o",1465
"972",1718709,"Rio dos Bois",16.57,"Rio dos Bois",17230
"973",1718758,"Rio Sono",45.431,"Rio Sono",52735
"974",1718808,"Sampaio",8.234,"Sampaio",11154
"975",1718840,"Sandol√¢ndia",108.97,"Sandol‚ndia",202676
"976",1718865,"Santa F√© do Araguaia",85.478,"Santa FÈ do Araguaia",114790
"977",1718881,"Santa Maria do Tocantins",21.899,"Santa Maria do Tocantins",27712
"978",1718899,"Santa Rita do Tocantins",70.172,"Santa Rita do Tocantins",99166
"979",1718907,"Santa Rosa do Tocantins",38.381,"Santa Rosa do Tocantins",31867
"980",1719004,"Santa Tereza do Tocantins",13.29,"Santa Tereza do Tocantins",21786
"981",1720002,"Santa Terezinha do Tocantins",7.088,"Santa Terezinha do Tocantins",16351
"982",1720101,"S√£o Bento do Tocantins",25.83,"S„o Bento do Tocantins",28316
"983",1720150,"S√£o F√©lix do Tocantins",2.581,"S„o FÈlix do Tocantins",3635
"984",1720200,"S√£o Miguel do Tocantins",18.544,"S„o Miguel do Tocantins",20407
"985",1720259,"S√£o Salvador do Tocantins",17.813,"S„o Salvador do Tocantins",28423
"986",1720309,"S√£o Sebasti√£o do Tocantins",14.809,"S„o Sebasti„o do Tocantins",25606
"987",1720499,"S√£o Val√©rio",34.891,"S„o ValÈrio",50859
"988",1720655,"Silvan√≥polis",30.671,"SilvanÛpolis",36521
"989",1720804,"S√≠tio Novo do Tocantins",24.895,"SÌtio Novo do Tocantins",36280
"990",1720853,"Sucupira",37.057,"Sucupira",54952
"991",1720903,"Taguatinga",45.909,"Taguatinga",114700
"992",1720937,"Taipas do Tocantins",11.962,"Taipas do Tocantins",22650
"993",1720978,"Talism√£",80.168,"Talism„",113011
"994",1721109,"Tocant√≠nia",10.407,"TocantÌnia",16690
"995",1721208,"Tocantin√≥polis",15.1,"TocantinÛpolis",21195
"996",1721257,"Tupirama",7.391,"Tupirama",19838
"997",1721307,"Tupiratins",11.323,"Tupiratins",14979
"998",1722081,"Wanderl√¢ndia",19.468,"Wanderl‚ndia",29787
"999",1722107,"Xambio√°",93.701,"Xambio·",99083
